id,match_date,home_team,away_team,home_goals,away_goals,result,ht_home_goals,ht_away_goals,ht_result,referee,home_shots,away_shots,home_shots_target,away_shots_target,home_fouls,away_fouls,home_corners,away_corners,home_yellow,away_yellow,home_red,away_red
1,2021-08-13,Brentford,Arsenal,2,0,H,1,0,H,M Oliver,8,22,3,4,12,8,2,5,0,0,0,0
2,2021-08-14,Man United,Leeds,5,1,H,1,0,H,P Tierney,16,10,8,3,11,9,5,4,1,2,0,0
3,2021-08-14,Burnley,Brighton,1,2,A,1,0,H,D Coote,14,14,3,8,10,7,7,6,2,1,0,0
4,2021-08-14,Chelsea,Crystal Palace,3,0,H,2,0,H,J Moss,13,4,6,1,15,11,5,2,0,0,0,0
5,2021-08-14,Everton,Southampton,3,1,H,0,1,A,A Madley,14,6,6,3,13,15,6,8,2,0,0,0
6,2021-08-14,Leicester,Wolves,1,0,H,1,0,H,C Pawson,9,17,5,3,6,10,5,4,1,2,0,0
7,2021-08-14,Watford,Aston Villa,3,2,H,2,0,H,M Dean,13,11,7,2,18,13,2,4,3,1,0,0
8,2021-08-14,Norwich,Liverpool,0,3,A,0,1,A,A Marriner,14,19,3,8,4,14,3,11,1,1,0,0
9,2021-08-15,Newcastle,West Ham,2,4,A,2,1,H,M Atkinson,17,8,3,9,4,3,7,6,1,0,0,0
10,2021-08-15,Tottenham,Man City,1,0,H,0,0,D,A Taylor,13,18,3,4,11,8,3,11,2,1,0,0
11,2021-08-21,Liverpool,Burnley,2,0,H,1,0,H,M Dean,27,9,9,3,6,12,8,4,0,0,0,0
12,2021-08-21,Aston Villa,Newcastle,2,0,H,1,0,H,D Coote,10,9,2,1,8,18,3,4,3,4,0,0
13,2021-08-21,Crystal Palace,Brentford,0,0,D,0,0,D,M Atkinson,7,14,2,3,12,9,3,5,3,1,0,0
14,2021-08-21,Leeds,Everton,2,2,D,1,1,D,D England,17,17,4,8,6,13,8,5,2,4,0,0
15,2021-08-21,Man City,Norwich,5,0,H,2,0,H,G Scott,16,1,4,0,13,7,6,1,1,0,0,0
16,2021-08-21,Brighton,Watford,2,0,H,2,0,H,A Taylor,13,10,3,1,11,6,7,2,4,0,0,0
17,2021-08-22,Southampton,Man United,1,1,D,1,0,H,C Pawson,8,15,3,4,12,10,7,7,2,3,0,0
18,2021-08-22,Wolves,Tottenham,0,1,A,0,1,A,S Attwell,25,8,6,6,9,7,5,4,1,4,0,0
19,2021-08-22,Arsenal,Chelsea,0,2,A,0,2,A,P Tierney,6,22,3,5,10,4,9,8,3,0,0,0
20,2021-08-23,West Ham,Leicester,4,1,H,1,0,H,M Oliver,13,5,7,1,8,8,10,0,0,1,0,1
21,2021-08-28,Man City,Arsenal,5,0,H,3,0,H,M Atkinson,25,1,10,0,5,7,14,0,1,2,0,1
22,2021-08-28,Aston Villa,Brentford,1,1,D,1,1,D,P Bankes,7,9,5,2,15,14,3,2,3,3,0,0
23,2021-08-28,Brighton,Everton,0,2,A,0,1,A,J Moss,14,14,3,5,7,9,4,5,1,2,0,0
24,2021-08-28,Newcastle,Southampton,2,2,D,0,0,D,P Tierney,10,22,5,6,11,6,4,4,3,3,0,0
25,2021-08-28,Norwich,Leicester,1,2,A,1,1,D,R Jones,14,9,4,3,8,9,9,9,2,1,0,0
26,2021-08-28,West Ham,Crystal Palace,2,2,D,1,0,H,S Attwell,14,9,4,2,10,7,5,3,1,0,0,0
27,2021-08-28,Liverpool,Chelsea,1,1,D,1,1,D,A Taylor,24,6,7,3,13,4,12,3,0,2,0,1
28,2021-08-29,Burnley,Leeds,1,1,D,0,0,D,M Oliver,12,12,3,2,13,9,5,5,4,3,0,0
29,2021-08-29,Tottenham,Watford,1,0,H,1,0,H,A Marriner,15,9,8,2,8,14,10,3,3,3,0,0
30,2021-08-29,Wolves,Man United,0,1,A,0,0,D,M Dean,15,10,6,3,7,9,5,7,3,4,0,0
31,2021-09-11,Crystal Palace,Tottenham,3,0,H,0,0,D,J Moss,18,2,4,1,13,15,8,2,2,1,0,1
32,2021-09-11,Arsenal,Norwich,1,0,H,0,0,D,M Oliver,30,10,7,1,9,11,8,4,1,2,0,0
33,2021-09-11,Brentford,Brighton,0,1,A,0,0,D,G Scott,7,4,1,2,9,12,1,6,3,2,0,0
34,2021-09-11,Leicester,Man City,0,1,A,0,0,D,P Tierney,6,25,1,8,4,11,5,8,1,2,0,0
35,2021-09-11,Man United,Newcastle,4,1,H,1,0,H,A Taylor,21,12,7,3,9,2,7,3,1,0,0,0
36,2021-09-11,Southampton,West Ham,0,0,D,0,0,D,D Coote,11,13,3,3,10,12,5,4,3,1,0,1
37,2021-09-11,Watford,Wolves,0,2,A,0,0,D,P Bankes,6,14,2,5,15,13,6,8,3,3,0,0
38,2021-09-11,Chelsea,Aston Villa,3,0,H,1,0,H,S Attwell,12,18,4,6,11,11,4,11,1,4,0,0
39,2021-09-12,Leeds,Liverpool,0,3,A,0,1,A,C Pawson,9,30,4,9,9,8,2,11,2,1,1,0
40,2021-09-13,Everton,Burnley,3,1,H,0,0,D,M Atkinson,14,11,6,6,3,6,4,6,1,1,0,0
41,2021-09-17,Newcastle,Leeds,1,1,D,1,1,D,M Dean,17,22,7,9,9,11,4,5,2,2,0,0
42,2021-09-18,Wolves,Brentford,0,2,A,0,2,A,D England,11,9,0,3,10,7,4,2,4,2,0,1
43,2021-09-18,Burnley,Arsenal,0,1,A,0,1,A,A Taylor,18,13,3,3,9,8,8,3,2,1,0,0
44,2021-09-18,Liverpool,Crystal Palace,3,0,H,1,0,H,A Madley,25,13,10,2,17,11,10,5,3,1,0,0
45,2021-09-18,Man City,Southampton,0,0,D,0,0,D,J Moss,18,10,1,2,5,12,8,5,0,2,0,0
46,2021-09-18,Norwich,Watford,1,3,A,1,1,D,R Jones,12,12,5,8,10,14,4,8,1,1,0,0
47,2021-09-18,Aston Villa,Everton,3,0,H,0,0,D,C Pawson,15,11,3,1,7,10,5,4,1,1,0,0
48,2021-09-19,Brighton,Leicester,2,1,H,1,0,H,S Attwell,12,14,5,3,8,10,4,9,2,1,0,0
49,2021-09-19,West Ham,Man United,1,2,A,1,1,D,M Atkinson,13,17,4,10,5,8,2,11,0,0,0,0
50,2021-09-19,Tottenham,Chelsea,0,3,A,0,0,D,P Tierney,8,20,2,10,4,15,5,11,0,1,0,0
51,2021-09-25,Chelsea,Man City,0,1,A,0,0,D,M Oliver,5,15,0,4,12,10,4,13,3,2,0,0
52,2021-09-25,Man United,Aston Villa,0,1,A,0,0,D,M Dean,28,7,4,3,9,13,5,5,2,2,0,0
53,2021-09-25,Everton,Norwich,2,0,H,1,0,H,D Coote,11,10,4,2,12,9,6,4,2,3,0,0
54,2021-09-25,Leeds,West Ham,1,2,A,1,0,H,K Friend,15,20,5,7,10,6,5,7,3,2,0,0
55,2021-09-25,Leicester,Burnley,2,2,D,1,2,A,C Kavanagh,22,9,5,3,10,8,8,4,2,4,0,0
56,2021-09-25,Watford,Newcastle,1,1,D,0,1,A,J Gillett,15,20,4,6,19,12,5,6,4,3,0,0
57,2021-09-25,Brentford,Liverpool,3,3,D,1,1,D,S Attwell,12,16,4,6,8,7,2,11,1,1,0,0
58,2021-09-26,Southampton,Wolves,0,1,A,0,0,D,A Madley,18,5,6,3,12,8,5,5,0,0,0,0
59,2021-09-26,Arsenal,Tottenham,3,1,H,3,0,H,C Pawson,12,10,7,4,12,13,4,4,2,1,0,0
60,2021-09-27,Crystal Palace,Brighton,1,1,D,1,0,H,A Marriner,8,8,3,4,12,10,6,5,2,3,0,0
61,2021-10-02,Man United,Everton,1,1,D,1,0,H,M Oliver,13,12,6,2,10,9,10,1,1,1,0,0
62,2021-10-02,Burnley,Norwich,0,0,D,0,0,D,K Friend,14,10,4,2,13,3,9,5,5,2,0,0
63,2021-10-02,Chelsea,Southampton,3,1,H,1,0,H,M Atkinson,20,6,9,2,11,13,7,2,1,3,0,1
64,2021-10-02,Leeds,Watford,1,0,H,1,0,H,S Hooper,20,5,4,1,10,16,6,3,0,3,0,0
65,2021-10-02,Wolves,Newcastle,2,1,H,1,1,D,G Scott,7,8,3,2,15,5,0,4,0,2,0,0
66,2021-10-02,Brighton,Arsenal,0,0,D,0,0,D,J Moss,21,8,2,2,8,5,8,5,2,1,0,0
67,2021-10-03,Crystal Palace,Leicester,2,2,D,0,2,A,A Taylor,18,9,4,5,15,11,1,3,2,3,0,0
68,2021-10-03,Tottenham,Aston Villa,2,1,H,1,0,H,C Kavanagh,17,14,8,3,11,14,5,8,2,1,0,0
69,2021-10-03,West Ham,Brentford,1,2,A,0,1,A,P Bankes,18,13,5,6,16,13,11,6,2,3,0,0
70,2021-10-03,Liverpool,Man City,2,2,D,0,0,D,P Tierney,6,12,4,3,10,12,3,4,3,3,0,0
71,2021-10-16,Watford,Liverpool,0,5,A,0,2,A,J Moss,6,19,2,8,4,10,1,9,0,0,0,0
72,2021-10-16,Aston Villa,Wolves,2,3,A,0,0,D,M Oliver,14,9,5,4,8,17,6,7,2,3,0,0
73,2021-10-16,Leicester,Man United,4,2,H,1,1,D,C Pawson,22,18,11,6,5,17,4,3,0,3,0,0
74,2021-10-16,Man City,Burnley,2,0,H,1,0,H,M Atkinson,15,7,6,2,11,5,6,2,1,0,0,0
75,2021-10-16,Norwich,Brighton,0,0,D,0,0,D,P Bankes,15,11,3,3,5,14,8,4,3,5,0,0
76,2021-10-16,Southampton,Leeds,1,0,H,0,0,D,D Coote,19,3,5,0,16,14,8,1,2,3,0,0
77,2021-10-16,Brentford,Chelsea,0,1,A,0,1,A,A Taylor,17,5,7,1,13,8,5,5,1,1,0,0
78,2021-10-17,Everton,West Ham,0,1,A,0,0,D,S Attwell,15,16,2,4,3,3,7,9,0,2,0,0
79,2021-10-17,Newcastle,Tottenham,2,3,A,1,3,A,A Marriner,7,14,1,4,13,4,2,9,4,1,1,0
80,2021-10-18,Arsenal,Crystal Palace,2,2,D,1,0,H,M Dean,17,9,6,6,7,4,6,4,1,1,0,0
81,2021-10-22,Arsenal,Aston Villa,3,1,H,2,0,H,C Pawson,22,10,9,4,17,10,7,4,2,5,0,0
82,2021-10-23,Chelsea,Norwich,7,0,H,3,0,H,A Madley,23,3,13,1,14,16,5,0,0,2,0,1
83,2021-10-23,Crystal Palace,Newcastle,1,1,D,0,0,D,D England,15,6,3,2,13,9,3,7,3,4,0,0
84,2021-10-23,Everton,Watford,2,5,A,1,1,D,G Scott,15,20,4,8,9,13,3,5,4,3,0,0
85,2021-10-23,Leeds,Wolves,1,1,D,0,1,A,R Jones,18,8,4,4,15,14,6,3,2,3,0,0
86,2021-10-23,Southampton,Burnley,2,2,D,1,1,D,C Kavanagh,16,9,4,5,10,11,6,2,1,3,0,0
87,2021-10-23,Brighton,Man City,1,4,A,0,3,A,K Friend,10,23,5,14,10,6,7,6,2,3,0,0
88,2021-10-24,Brentford,Leicester,1,2,A,0,1,A,S Hooper,15,10,5,6,13,7,9,2,1,1,0,0
89,2021-10-24,West Ham,Tottenham,1,0,H,0,0,D,P Tierney,13,7,4,4,11,4,2,4,2,1,0,0
90,2021-10-24,Man United,Liverpool,0,5,A,0,4,A,A Taylor,12,19,4,8,10,8,6,3,6,0,1,0
91,2021-10-30,Leicester,Arsenal,0,2,A,0,2,A,M Oliver,16,9,8,5,8,11,7,6,2,0,0,0
92,2021-10-30,Burnley,Brentford,3,1,H,3,0,H,J Moss,15,12,6,5,7,10,4,2,1,1,0,0
93,2021-10-30,Liverpool,Brighton,2,2,D,2,1,H,M Dean,14,9,3,6,8,5,5,3,2,2,0,0
94,2021-10-30,Man City,Crystal Palace,0,2,A,0,1,A,A Marriner,14,8,3,3,11,11,7,1,2,3,1,0
95,2021-10-30,Newcastle,Chelsea,0,3,A,0,0,D,P Tierney,6,19,1,6,14,12,0,2,3,2,0,0
96,2021-10-30,Watford,Southampton,0,1,A,0,1,A,P Bankes,10,12,4,1,16,6,5,8,2,2,0,0
97,2021-10-30,Tottenham,Man United,0,3,A,0,1,A,S Attwell,9,10,0,4,12,14,10,2,2,3,0,0
98,2021-10-31,Norwich,Leeds,1,2,A,0,0,D,A Taylor,14,13,3,6,14,23,5,0,1,4,0,0
99,2021-10-31,Aston Villa,West Ham,1,4,A,1,2,A,C Kavanagh,9,21,3,9,7,13,3,6,1,2,1,0
100,2021-11-01,Wolves,Everton,2,1,H,2,0,H,M Atkinson,10,14,4,5,10,8,4,3,1,1,0,0
101,2021-11-05,Southampton,Aston Villa,1,0,H,1,0,H,A Madley,9,14,3,3,12,12,10,8,2,2,0,0
102,2021-11-06,Man United,Man City,0,2,A,0,2,A,M Oliver,5,16,1,5,9,12,1,9,1,2,0,0
103,2021-11-06,Brentford,Norwich,1,2,A,0,2,A,J Gillett,19,9,7,5,12,13,6,2,2,3,0,0
104,2021-11-06,Chelsea,Burnley,1,1,D,1,0,H,A Marriner,25,5,4,2,6,9,14,2,1,4,0,0
105,2021-11-06,Crystal Palace,Wolves,2,0,H,0,0,D,G Scott,13,4,6,2,14,13,4,6,2,1,0,0
106,2021-11-06,Brighton,Newcastle,1,1,D,1,0,H,D Coote,14,6,5,1,16,10,2,5,3,4,1,0
107,2021-11-07,Arsenal,Watford,1,0,H,0,0,D,K Friend,14,7,6,1,6,19,4,2,4,2,0,1
108,2021-11-07,Everton,Tottenham,0,0,D,0,0,D,C Kavanagh,12,8,2,0,13,17,4,2,2,4,1,0
109,2021-11-07,Leeds,Leicester,1,1,D,1,1,D,D England,18,9,5,3,12,5,10,5,1,1,0,0
110,2021-11-07,West Ham,Liverpool,3,2,H,1,1,D,C Pawson,7,16,3,5,11,6,3,2,1,1,0,0
111,2021-11-20,Leicester,Chelsea,0,3,A,0,2,A,P Tierney,4,16,3,7,15,8,3,5,3,1,0,0
112,2021-11-20,Aston Villa,Brighton,2,0,H,0,0,D,A Taylor,9,6,5,2,7,13,5,7,3,3,0,0
113,2021-11-20,Burnley,Crystal Palace,3,3,D,2,3,A,S Hooper,15,18,9,8,14,15,3,6,2,3,0,0
114,2021-11-20,Newcastle,Brentford,3,3,D,2,2,D,R Jones,23,10,9,4,13,11,8,2,2,2,0,0
115,2021-11-20,Norwich,Southampton,2,1,H,1,1,D,M Atkinson,8,17,4,5,8,9,5,7,3,2,0,0
116,2021-11-20,Watford,Man United,4,1,H,2,0,H,J Moss,20,9,7,3,7,5,9,3,2,1,0,1
117,2021-11-20,Wolves,West Ham,1,0,H,0,0,D,M Dean,15,8,5,3,6,9,7,3,1,1,0,0
118,2021-11-20,Liverpool,Arsenal,4,0,H,1,0,H,M Oliver,19,5,9,3,15,12,6,1,2,0,0,0
119,2021-11-21,Man City,Everton,3,0,H,1,0,H,S Attwell,17,4,7,1,5,7,7,1,1,1,0,0
120,2021-11-21,Tottenham,Leeds,2,1,H,0,1,A,A Marriner,13,18,4,7,11,12,4,8,1,4,0,0
121,2021-11-27,Arsenal,Newcastle,2,0,H,0,0,D,S Attwell,24,9,6,5,6,12,4,4,1,3,0,0
122,2021-11-27,Crystal Palace,Aston Villa,1,2,A,0,1,A,M Salisbury,8,10,3,3,12,10,7,3,3,3,0,0
123,2021-11-27,Liverpool,Southampton,4,0,H,3,0,H,A Marriner,20,7,6,3,7,14,5,7,0,1,0,0
124,2021-11-27,Norwich,Wolves,0,0,D,0,0,D,S Hooper,14,5,4,2,11,10,4,3,2,2,0,0
125,2021-11-27,Brighton,Leeds,0,0,D,0,0,D,C Pawson,20,11,4,4,12,14,6,1,1,3,0,0
126,2021-11-28,Brentford,Everton,1,0,H,1,0,H,D England,6,14,4,5,8,11,3,3,4,3,0,0
127,2021-11-28,Leicester,Watford,4,2,H,3,1,H,A Madley,18,16,8,5,5,19,8,6,0,0,0,0
128,2021-11-28,Man City,West Ham,2,1,H,1,0,H,M Oliver,19,5,9,3,7,6,8,4,2,0,0,0
129,2021-11-28,Chelsea,Man United,1,1,D,0,0,D,A Taylor,24,3,6,2,13,14,15,2,2,5,0,0
130,2021-11-30,Newcastle,Norwich,1,1,D,0,0,D,A Madley,9,16,1,6,8,11,2,5,0,0,0,1
131,2021-11-30,Leeds,Crystal Palace,1,0,H,0,0,D,K Friend,15,9,3,1,15,15,7,4,5,3,0,0
132,2021-12-01,Southampton,Leicester,2,2,D,2,1,H,R Jones,15,15,7,6,14,11,2,4,1,3,0,0
133,2021-12-01,Watford,Chelsea,1,2,A,1,1,D,D Coote,13,8,6,4,18,16,6,0,4,3,0,0
134,2021-12-01,West Ham,Brighton,1,1,D,1,0,H,C Kavanagh,14,9,6,3,10,8,9,5,1,1,0,0
135,2021-12-01,Wolves,Burnley,0,0,D,0,0,D,J Brooks,16,6,2,1,5,7,5,5,2,3,0,0
136,2021-12-01,Aston Villa,Man City,1,2,A,0,2,A,M Dean,9,17,3,7,8,12,4,11,0,0,0,0
137,2021-12-01,Everton,Liverpool,1,4,A,1,2,A,P Tierney,8,16,2,7,8,16,3,11,4,3,0,0
138,2021-12-02,Tottenham,Brentford,2,0,H,1,0,H,J Moss,11,6,6,2,13,11,11,5,0,0,0,0
139,2021-12-02,Man United,Arsenal,3,2,H,1,1,D,M Atkinson,14,17,10,8,9,10,3,8,1,0,0,0
140,2021-12-04,West Ham,Chelsea,3,2,H,1,2,A,A Marriner,11,19,5,7,10,10,1,9,1,3,0,0
141,2021-12-04,Newcastle,Burnley,1,0,H,1,0,H,P Tierney,19,10,4,1,11,9,10,3,1,1,0,0
142,2021-12-04,Southampton,Brighton,1,1,D,1,0,H,A Taylor,14,14,4,4,15,12,6,2,4,2,0,0
143,2021-12-04,Wolves,Liverpool,0,1,A,0,0,D,C Kavanagh,3,17,1,5,4,7,2,8,2,2,0,0
144,2021-12-04,Watford,Man City,1,3,A,0,2,A,S Hooper,11,26,4,13,10,7,5,11,3,0,0,0
145,2021-12-05,Leeds,Brentford,2,2,D,1,0,H,D Coote,13,9,6,3,11,9,5,1,5,3,0,0
146,2021-12-05,Man United,Crystal Palace,1,0,H,0,0,D,C Pawson,16,8,3,2,16,9,9,6,2,2,0,0
147,2021-12-05,Tottenham,Norwich,3,0,H,1,0,H,J Gillett,17,10,7,1,11,4,6,4,1,2,0,0
148,2021-12-05,Aston Villa,Leicester,2,1,H,1,1,D,M Oliver,13,12,4,5,8,25,3,6,1,1,0,0
149,2021-12-06,Everton,Arsenal,2,1,H,0,1,A,M Dean,11,10,5,3,8,12,3,3,2,2,0,0
150,2021-12-10,Brentford,Watford,2,1,H,0,1,A,M Oliver,14,6,5,2,12,18,8,2,4,0,0,0
151,2021-12-11,Man City,Wolves,1,0,H,0,0,D,J Moss,24,2,10,1,12,5,14,1,3,2,0,1
152,2021-12-11,Arsenal,Southampton,3,0,H,2,0,H,J Gillett,15,11,5,6,5,9,9,8,2,0,0,0
153,2021-12-11,Chelsea,Leeds,3,2,H,1,1,D,C Kavanagh,16,12,6,5,9,15,5,2,2,5,0,0
154,2021-12-11,Liverpool,Aston Villa,1,0,H,0,0,D,S Attwell,20,4,5,0,13,6,11,3,1,2,0,0
155,2021-12-11,Norwich,Man United,0,1,A,0,0,D,D England,11,13,5,5,6,17,8,6,1,1,0,0
156,2021-12-12,Burnley,West Ham,0,0,D,0,0,D,G Scott,9,16,1,3,13,11,6,4,2,1,0,0
157,2021-12-12,Leicester,Newcastle,4,0,H,1,0,H,P Bankes,8,12,5,3,9,16,4,6,2,3,0,0
158,2021-12-12,Crystal Palace,Everton,3,1,H,1,0,H,A Madley,17,12,6,6,15,14,8,2,0,2,0,0
159,2021-12-14,Norwich,Aston Villa,0,2,A,0,1,A,D Coote,7,17,3,6,12,9,7,10,3,1,0,0
160,2021-12-14,Man City,Leeds,7,0,H,3,0,H,P Tierney,31,6,15,3,5,9,6,2,1,1,0,0
161,2021-12-15,Brighton,Wolves,0,1,A,0,1,A,T Harrington,12,8,2,5,11,14,7,4,2,0,0,0
162,2021-12-15,Crystal Palace,Southampton,2,2,D,1,2,A,S Hooper,9,15,6,4,16,20,4,6,2,4,0,0
163,2021-12-15,Arsenal,West Ham,2,0,H,0,0,D,A Taylor,21,7,8,1,8,9,5,2,2,0,0,1
164,2021-12-16,Chelsea,Everton,1,1,D,0,0,D,M Oliver,23,5,10,3,11,11,7,1,2,3,0,0
165,2021-12-16,Liverpool,Newcastle,3,1,H,2,1,H,M Dean,23,4,8,2,9,4,11,0,1,3,0,0
166,2021-12-18,Leeds,Arsenal,1,4,A,0,3,A,A Marriner,9,21,2,12,11,7,1,4,3,1,0,0
167,2021-12-19,Newcastle,Man City,0,4,A,0,2,A,M Atkinson,5,18,1,7,9,6,3,6,1,2,0,0
168,2021-12-19,Wolves,Chelsea,0,0,D,0,0,D,D Coote,4,8,1,1,9,7,4,9,0,2,0,0
169,2021-12-19,Tottenham,Liverpool,2,2,D,1,1,D,P Tierney,10,18,5,6,12,11,6,4,4,4,0,1
170,2021-12-26,Man City,Leicester,6,3,H,4,0,H,C Kavanagh,17,14,9,8,11,9,14,4,1,2,0,0
171,2021-12-26,Norwich,Arsenal,0,5,A,0,2,A,G Scott,4,16,2,6,13,7,3,5,1,2,0,0
172,2021-12-26,Tottenham,Crystal Palace,3,0,H,2,0,H,J Moss,17,4,6,0,16,10,4,2,1,1,0,1
173,2021-12-26,West Ham,Southampton,2,3,A,0,1,A,K Friend,11,11,5,6,10,9,10,2,2,3,0,0
174,2021-12-26,Aston Villa,Chelsea,1,3,A,1,1,D,M Atkinson,8,10,1,4,8,11,2,5,3,1,0,0
175,2021-12-26,Brighton,Brentford,2,0,H,2,0,H,D England,15,16,5,6,8,10,6,9,1,3,0,0
176,2021-12-27,Newcastle,Man United,1,1,D,1,0,H,C Pawson,13,13,8,4,11,8,2,4,3,3,0,0
177,2021-12-28,Crystal Palace,Norwich,3,0,H,3,0,H,P Tierney,19,12,6,3,9,13,8,8,1,2,0,0
178,2021-12-28,Southampton,Tottenham,1,1,D,1,1,D,A Taylor,9,21,2,11,15,5,3,7,2,2,1,0
179,2021-12-28,Watford,West Ham,1,4,A,1,2,A,D England,14,13,5,6,12,12,4,5,0,1,0,0
180,2021-12-28,Leicester,Liverpool,1,0,H,0,0,D,M Oliver,6,21,1,4,8,11,1,12,0,1,0,0
181,2021-12-29,Chelsea,Brighton,1,1,D,1,0,H,M Dean,11,18,5,6,14,7,10,8,4,1,0,0
182,2021-12-29,Brentford,Man City,0,1,A,0,1,A,D Coote,6,12,2,3,12,10,3,5,0,0,0,0
183,2021-12-30,Man United,Burnley,3,1,H,3,1,H,J Moss,18,10,6,3,5,10,7,5,0,0,0,0
184,2022-01-01,Arsenal,Man City,1,2,A,1,0,H,S Attwell,7,15,2,2,13,5,5,5,3,2,1,0
185,2022-01-01,Watford,Tottenham,0,1,A,0,0,D,R Jones,6,21,4,9,6,9,3,7,0,1,0,0
186,2022-01-01,Crystal Palace,West Ham,2,3,A,0,3,A,D England,22,10,6,5,6,16,9,1,0,2,0,0
187,2022-01-02,Brentford,Aston Villa,2,1,H,1,1,D,C Pawson,10,16,4,5,17,11,3,7,2,2,0,0
188,2022-01-02,Everton,Brighton,2,3,A,0,2,A,J Brooks,17,12,6,5,5,12,8,5,1,1,0,0
189,2022-01-02,Leeds,Burnley,3,1,H,1,0,H,P Tierney,22,8,7,2,11,7,9,3,2,1,0,0
190,2022-01-02,Chelsea,Liverpool,2,2,D,2,2,D,A Taylor,15,10,6,6,5,13,6,7,1,2,0,0
191,2022-01-03,Man United,Wolves,0,1,A,0,0,D,M Dean,9,19,2,6,9,8,3,8,3,1,0,0
192,2022-01-11,Southampton,Brentford,4,1,H,2,1,H,S Attwell,12,5,6,4,9,8,5,2,0,1,0,0
193,2022-01-12,West Ham,Norwich,2,0,H,1,0,H,S Hooper,13,7,5,3,9,8,11,2,0,0,0,0
194,2022-01-14,Brighton,Crystal Palace,1,1,D,0,0,D,R Jones,19,3,4,1,11,7,9,0,0,2,0,0
195,2022-01-15,Man City,Chelsea,1,0,H,0,0,D,C Pawson,11,4,6,1,11,6,9,1,0,2,0,0
196,2022-01-15,Newcastle,Watford,1,1,D,0,0,D,P Tierney,12,18,1,5,13,13,4,6,3,2,0,0
197,2022-01-15,Norwich,Everton,2,1,H,2,0,H,A Madley,14,12,3,5,12,14,8,8,3,1,0,0
198,2022-01-15,Wolves,Southampton,3,1,H,1,0,H,M Salisbury,9,13,5,10,13,14,2,10,2,3,0,0
199,2022-01-15,Aston Villa,Man United,2,2,D,0,1,A,D Coote,13,13,9,6,8,13,3,6,1,2,0,0
200,2022-01-16,Liverpool,Brentford,3,0,H,1,0,H,J Moss,27,6,13,1,6,6,9,0,0,1,0,0
201,2022-01-16,West Ham,Leeds,2,3,A,1,2,A,M Dean,15,18,5,5,6,9,4,3,3,2,0,0
202,2022-01-18,Brighton,Chelsea,1,1,D,0,1,A,K Friend,10,15,2,3,8,5,5,7,1,2,0,0
203,2022-01-19,Leicester,Tottenham,2,3,A,1,1,D,J Moss,14,27,4,10,6,12,3,8,1,2,0,0
204,2022-01-19,Brentford,Man United,1,3,A,0,0,D,A Marriner,18,13,8,5,7,9,6,9,0,0,0,0
205,2022-01-21,Watford,Norwich,0,3,A,0,0,D,M Dean,15,7,4,2,16,11,5,1,0,1,1,0
206,2022-01-22,Everton,Aston Villa,0,1,A,0,1,A,C Pawson,15,8,1,3,14,16,9,2,5,3,0,0
207,2022-01-22,Brentford,Wolves,1,2,A,0,0,D,P Bankes,11,7,1,2,6,7,6,3,2,3,0,0
208,2022-01-22,Leeds,Newcastle,0,1,A,0,0,D,C Kavanagh,13,15,4,3,9,9,6,7,4,2,0,0
209,2022-01-22,Man United,West Ham,1,0,H,0,0,D,J Moss,18,6,3,1,9,8,3,3,1,1,0,0
210,2022-01-22,Southampton,Man City,1,1,D,1,0,H,S Hooper,7,20,3,5,13,5,2,11,3,0,0,0
211,2022-01-23,Arsenal,Burnley,0,0,D,0,0,D,D Coote,20,10,5,1,9,13,12,4,0,2,0,0
212,2022-01-23,Crystal Palace,Liverpool,1,3,A,0,2,A,K Friend,8,15,5,7,12,10,2,5,4,1,0,0
213,2022-01-23,Leicester,Brighton,1,1,D,0,0,D,M Atkinson,15,14,5,5,6,8,4,5,0,1,0,0
214,2022-01-23,Chelsea,Tottenham,2,0,H,0,0,D,P Tierney,15,6,7,3,17,14,10,3,2,1,0,0
215,2022-02-05,Burnley,Watford,0,0,D,0,0,D,C Pawson,13,11,2,5,16,9,4,7,1,2,0,0
216,2022-02-08,Newcastle,Everton,3,1,H,1,1,D,A Taylor,20,11,9,3,13,13,6,2,2,3,0,0
217,2022-02-08,West Ham,Watford,1,0,H,0,0,D,M Atkinson,9,6,3,1,1,6,5,6,1,0,0,0
218,2022-02-08,Burnley,Man United,1,1,D,0,1,A,M Dean,9,22,3,5,11,10,2,10,2,1,0,0
219,2022-02-09,Man City,Brentford,2,0,H,1,0,H,D England,15,6,7,2,7,13,9,3,0,0,0,0
220,2022-02-09,Norwich,Crystal Palace,1,1,D,1,0,H,P Tierney,5,13,1,5,11,15,4,6,1,2,0,0
221,2022-02-09,Tottenham,Southampton,2,3,A,1,1,D,D Coote,8,23,3,10,7,13,2,8,2,3,0,0
222,2022-02-09,Aston Villa,Leeds,3,3,D,3,2,H,J Gillett,12,16,4,8,11,9,6,11,1,3,1,0
223,2022-02-10,Liverpool,Leicester,2,0,H,1,0,H,C Kavanagh,22,5,11,1,11,7,7,6,1,0,0,0
224,2022-02-10,Wolves,Arsenal,0,1,A,0,1,A,M Oliver,15,12,4,2,12,13,7,4,2,3,0,1
225,2022-02-12,Man United,Southampton,1,1,D,1,0,H,S Attwell,12,13,8,4,12,13,1,4,4,0,0,0
226,2022-02-12,Brentford,Crystal Palace,0,0,D,0,0,D,S Hooper,9,6,2,3,10,10,3,9,1,0,0,0
227,2022-02-12,Everton,Leeds,3,0,H,2,0,H,G Scott,21,7,10,0,8,9,5,3,1,1,0,0
228,2022-02-12,Watford,Brighton,0,2,A,0,1,A,J Moss,9,11,1,6,16,9,4,5,3,2,0,0
229,2022-02-12,Norwich,Man City,0,4,A,0,1,A,A Marriner,8,22,3,9,7,8,4,12,0,2,0,0
230,2022-02-13,Burnley,Liverpool,0,1,A,0,1,A,M Atkinson,8,12,5,4,7,6,5,8,0,1,0,0
231,2022-02-13,Newcastle,Aston Villa,1,0,H,1,0,H,C Pawson,10,11,2,1,22,15,3,6,3,4,0,0
232,2022-02-13,Tottenham,Wolves,0,2,A,0,2,A,K Friend,17,11,7,7,13,13,7,3,3,1,0,0
233,2022-02-13,Leicester,West Ham,2,2,D,1,1,D,M Oliver,13,8,2,3,10,9,5,4,1,2,0,0
234,2022-02-15,Man United,Brighton,2,0,H,0,0,D,P Bankes,19,10,7,3,8,10,10,2,3,1,0,1
235,2022-02-19,West Ham,Newcastle,1,1,D,1,1,D,C Kavanagh,11,14,3,3,3,7,3,7,3,3,0,0
236,2022-02-19,Arsenal,Brentford,2,1,H,0,0,D,J Moss,24,6,8,2,10,5,14,0,1,1,0,0
237,2022-02-19,Aston Villa,Watford,0,1,A,0,0,D,R Jones,20,8,1,4,12,7,10,5,1,2,0,0
238,2022-02-19,Brighton,Burnley,0,3,A,0,2,A,K Friend,11,10,1,4,12,12,4,4,1,4,0,0
239,2022-02-19,Crystal Palace,Chelsea,0,1,A,0,0,D,D Coote,7,9,0,3,4,20,4,4,1,3,0,0
240,2022-02-19,Liverpool,Norwich,3,1,H,0,0,D,M Dean,29,6,8,1,7,8,9,4,0,1,0,0
241,2022-02-19,Southampton,Everton,2,0,H,0,0,D,A Madley,19,9,11,0,6,9,4,4,0,2,0,0
242,2022-02-19,Man City,Tottenham,2,3,A,1,1,D,A Taylor,21,6,4,5,5,7,10,0,0,3,0,0
243,2022-02-20,Leeds,Man United,2,4,A,0,2,A,P Tierney,16,15,6,9,13,19,3,3,6,3,0,0
244,2022-02-20,Wolves,Leicester,2,1,H,1,1,D,C Pawson,11,17,3,7,12,9,7,10,4,4,0,0
245,2022-02-23,Burnley,Tottenham,1,0,H,0,0,D,G Scott,15,12,4,2,8,8,3,7,0,0,0,0
246,2022-02-23,Watford,Crystal Palace,1,4,A,1,2,A,A Marriner,8,7,1,5,12,9,6,4,2,1,0,0
247,2022-02-23,Liverpool,Leeds,6,0,H,3,0,H,M Oliver,23,3,15,2,5,11,4,0,0,3,0,0
248,2022-02-24,Arsenal,Wolves,2,1,H,0,1,A,M Atkinson,26,6,5,2,8,9,5,4,1,1,0,0
249,2022-02-25,Southampton,Norwich,2,0,H,1,0,H,S Hooper,27,8,9,1,12,9,13,6,1,2,0,0
250,2022-02-26,Leeds,Tottenham,0,4,A,0,3,A,C Pawson,19,15,3,11,16,11,3,6,4,2,0,0
251,2022-02-26,Brentford,Newcastle,0,2,A,0,2,A,M Dean,6,26,1,11,9,7,6,6,3,1,1,0
252,2022-02-26,Crystal Palace,Burnley,1,1,D,1,0,H,J Moss,11,5,4,1,5,17,5,4,0,2,0,0
253,2022-02-26,Man United,Watford,0,0,D,0,0,D,K Friend,22,10,3,2,2,7,4,3,0,0,0,0
254,2022-02-26,Brighton,Aston Villa,0,2,A,0,1,A,J Brooks,12,9,1,4,17,11,7,2,4,5,0,0
255,2022-02-26,Everton,Man City,0,1,A,0,0,D,P Tierney,6,13,2,8,7,14,3,4,3,2,0,0
256,2022-02-27,West Ham,Wolves,1,0,H,0,0,D,A Taylor,13,14,4,1,8,2,3,5,1,0,0,0
257,2022-03-01,Burnley,Leicester,0,2,A,0,0,D,C Kavanagh,9,22,2,6,10,13,6,8,1,1,0,0
258,2022-03-05,Leicester,Leeds,1,0,H,0,0,D,D Coote,7,19,4,4,9,12,5,10,1,2,0,0
259,2022-03-05,Aston Villa,Southampton,4,0,H,2,0,H,P Bankes,14,11,9,1,10,8,4,7,1,1,0,0
260,2022-03-05,Burnley,Chelsea,0,4,A,0,0,D,A Marriner,6,11,1,5,12,7,5,2,2,0,0,0
261,2022-03-05,Newcastle,Brighton,2,1,H,2,0,H,M Atkinson,10,15,4,4,8,10,4,7,1,1,0,0
262,2022-03-05,Norwich,Brentford,1,3,A,0,1,A,A Taylor,15,10,7,6,13,18,5,5,2,5,0,0
263,2022-03-05,Wolves,Crystal Palace,0,2,A,0,2,A,A Madley,12,12,5,8,13,8,7,7,0,3,0,0
264,2022-03-05,Liverpool,West Ham,1,0,H,1,0,H,J Moss,22,13,5,5,7,7,4,6,2,1,0,0
265,2022-03-06,Watford,Arsenal,2,3,A,1,2,A,C Pawson,13,16,7,4,5,11,1,5,1,2,0,0
266,2022-03-06,Man City,Man United,4,1,H,2,1,H,M Oliver,24,5,10,2,10,14,9,3,0,1,0,0
267,2022-03-07,Tottenham,Everton,5,0,H,3,0,H,S Attwell,14,6,7,0,15,10,5,2,2,0,0,0
268,2022-03-10,Norwich,Chelsea,1,3,A,0,2,A,M Atkinson,9,15,3,7,8,15,3,8,0,2,0,0
269,2022-03-10,Southampton,Newcastle,1,2,A,1,1,D,K Friend,14,8,5,4,6,7,12,5,1,1,0,0
270,2022-03-10,Wolves,Watford,4,0,H,2,0,H,D England,10,9,5,0,11,10,5,2,2,2,0,0
271,2022-03-10,Leeds,Aston Villa,0,3,A,0,1,A,S Hooper,4,15,1,9,17,11,3,5,5,3,0,0
272,2022-03-12,Brighton,Liverpool,0,2,A,0,1,A,M Dean,8,18,3,9,12,15,7,6,3,1,0,0
273,2022-03-12,Brentford,Burnley,2,0,H,0,0,D,P Tierney,13,7,4,1,6,10,2,9,1,1,0,1
274,2022-03-12,Man United,Tottenham,3,2,H,2,1,H,J Moss,10,10,6,3,8,7,4,5,2,1,0,0
275,2022-03-13,Chelsea,Newcastle,1,0,H,0,0,D,D Coote,8,7,3,2,17,16,7,2,4,3,0,0
276,2022-03-13,Everton,Wolves,0,1,A,0,0,D,M Oliver,8,14,2,3,13,11,5,2,2,1,1,0
277,2022-03-13,Leeds,Norwich,2,1,H,1,0,H,S Attwell,13,12,7,4,18,8,6,2,3,1,0,0
278,2022-03-13,Southampton,Watford,1,2,A,1,2,A,G Scott,13,9,7,5,8,12,11,3,3,2,0,0
279,2022-03-13,West Ham,Aston Villa,2,1,H,0,0,D,J Gillett,11,13,4,7,9,3,5,7,1,0,0,0
280,2022-03-13,Arsenal,Leicester,2,0,H,1,0,H,A Taylor,21,6,8,3,8,10,2,6,0,3,0,0
281,2022-03-14,Crystal Palace,Man City,0,0,D,0,0,D,M Atkinson,7,18,1,4,6,11,2,6,3,1,0,0
282,2022-03-16,Brighton,Tottenham,0,2,A,0,1,A,R Jones,15,17,0,7,11,9,6,3,2,2,0,0
283,2022-03-16,Arsenal,Liverpool,0,2,A,0,0,D,A Marriner,9,9,2,3,9,9,1,6,0,1,0,0
284,2022-03-17,Everton,Newcastle,1,0,H,0,0,D,C Pawson,9,17,3,6,13,11,5,7,2,1,1,0
285,2022-03-18,Wolves,Leeds,2,3,A,2,0,H,K Friend,14,15,8,6,13,14,2,5,1,4,1,0
286,2022-03-19,Aston Villa,Arsenal,0,1,A,0,1,A,A Madley,8,10,1,3,13,14,6,5,3,3,0,0
287,2022-03-20,Leicester,Brentford,2,1,H,2,0,H,D England,12,15,4,6,10,10,2,5,1,2,0,0
288,2022-03-20,Tottenham,West Ham,3,1,H,2,1,H,A Taylor,17,6,4,1,7,7,5,3,0,1,0,0
289,2022-04-02,Liverpool,Watford,2,0,H,1,0,H,S Attwell,20,5,3,2,9,8,9,3,1,1,0,0
290,2022-04-02,Brighton,Norwich,0,0,D,0,0,D,S Hooper,31,6,4,0,12,11,11,2,1,1,0,0
291,2022-04-02,Burnley,Man City,0,2,A,0,2,A,C Pawson,3,18,1,6,11,6,1,8,1,0,0,0
292,2022-04-02,Chelsea,Brentford,1,4,A,0,0,D,A Madley,21,17,8,6,11,7,12,7,0,0,0,0
293,2022-04-02,Leeds,Southampton,1,1,D,1,0,H,A Taylor,12,14,3,6,14,7,4,7,1,1,0,0
294,2022-04-02,Wolves,Aston Villa,2,1,H,2,0,H,D England,11,15,5,5,15,8,4,9,4,3,0,0
295,2022-04-02,Man United,Leicester,1,1,D,0,0,D,A Marriner,11,11,5,3,13,6,6,5,2,2,0,0
296,2022-04-03,West Ham,Everton,2,1,H,1,0,H,M Oliver,11,13,5,2,9,12,2,4,1,1,0,1
297,2022-04-03,Tottenham,Newcastle,5,1,H,1,1,D,M Atkinson,19,8,6,1,10,7,2,3,2,3,0,0
298,2022-04-04,Crystal Palace,Arsenal,3,0,H,2,0,H,P Tierney,6,12,5,3,11,15,0,2,0,2,0,0
299,2022-04-06,Burnley,Everton,3,2,H,1,2,A,M Dean,13,16,4,4,11,16,9,6,2,2,0,0
300,2022-04-08,Newcastle,Wolves,1,0,H,0,0,D,P Bankes,12,5,4,2,6,13,1,2,1,1,0,0
301,2022-04-09,Everton,Man United,1,0,H,1,0,H,J Moss,7,12,3,4,4,10,5,7,2,2,0,0
302,2022-04-09,Arsenal,Brighton,1,2,A,0,1,A,D Coote,20,8,4,3,12,19,11,2,3,4,0,0
303,2022-04-09,Southampton,Chelsea,0,6,A,0,4,A,K Friend,4,24,1,14,11,10,3,3,1,0,0,0
304,2022-04-09,Watford,Leeds,0,3,A,0,1,A,A Marriner,8,10,1,5,8,12,3,8,2,0,0,0
305,2022-04-09,Aston Villa,Tottenham,0,4,A,0,1,A,G Scott,9,11,8,5,12,14,9,3,2,3,0,0
306,2022-04-10,Brentford,West Ham,2,0,H,0,0,D,M Atkinson,15,5,7,1,2,6,4,6,0,1,0,0
307,2022-04-10,Leicester,Crystal Palace,2,1,H,2,0,H,R Jones,12,11,3,3,11,12,3,4,1,1,0,0
308,2022-04-10,Norwich,Burnley,2,0,H,1,0,H,M Oliver,17,18,6,4,12,10,6,7,1,1,0,0
309,2022-04-10,Man City,Liverpool,2,2,D,2,1,H,A Taylor,11,6,5,4,9,11,4,1,1,4,0,0
310,2022-04-16,Tottenham,Brighton,0,1,A,0,0,D,C Pawson,5,12,0,5,14,10,4,4,3,3,0,0
311,2022-04-16,Man United,Norwich,3,2,H,2,1,H,A Madley,20,15,9,4,7,6,6,7,0,0,0,0
312,2022-04-16,Southampton,Arsenal,1,0,H,1,0,H,P Bankes,9,23,3,6,6,6,6,8,2,1,0,0
313,2022-04-16,Watford,Brentford,1,2,A,0,1,A,S Hooper,17,16,4,5,11,9,6,5,2,1,0,0
314,2022-04-17,Newcastle,Leicester,2,1,H,1,1,D,J Gillett,16,8,7,2,10,10,3,5,2,2,0,0
315,2022-04-17,West Ham,Burnley,1,1,D,0,1,A,P Tierney,21,9,8,1,9,10,13,4,2,2,0,0
316,2022-04-19,Liverpool,Man United,4,0,H,2,0,H,M Atkinson,14,2,5,1,3,6,10,2,1,2,0,0
317,2022-04-20,Chelsea,Arsenal,2,4,A,2,2,D,J Moss,11,14,2,4,7,6,6,1,3,1,0,0
318,2022-04-20,Everton,Leicester,1,1,D,0,1,A,D Coote,13,11,3,3,8,17,5,4,3,1,0,0
319,2022-04-20,Newcastle,Crystal Palace,1,0,H,1,0,H,T Harrington,13,10,4,2,12,12,2,5,1,1,0,0
320,2022-04-20,Man City,Brighton,3,0,H,0,0,D,M Dean,17,2,5,1,12,7,7,4,0,3,0,0
321,2022-04-21,Burnley,Southampton,2,0,H,2,0,H,S Attwell,16,11,6,3,7,7,10,10,2,2,0,0
322,2022-04-23,Arsenal,Man United,3,1,H,2,1,H,C Pawson,14,14,7,5,9,12,1,7,3,4,0,0
323,2022-04-23,Leicester,Aston Villa,0,0,D,0,0,D,A Madley,5,11,2,3,15,16,7,6,3,2,0,0
324,2022-04-23,Man City,Watford,5,1,H,3,1,H,K Friend,21,5,8,2,9,7,11,4,1,0,0,0
325,2022-04-23,Norwich,Newcastle,0,3,A,0,2,A,C Kavanagh,5,13,2,7,11,10,2,3,0,2,0,0
326,2022-04-23,Brentford,Tottenham,0,0,D,0,0,D,M Atkinson,15,9,2,0,8,7,12,8,2,1,0,0
327,2022-04-24,Brighton,Southampton,2,2,D,2,1,H,R Jones,8,18,5,5,12,7,6,6,1,0,0,0
328,2022-04-24,Burnley,Wolves,1,0,H,0,0,D,A Taylor,14,10,5,4,8,7,3,6,3,1,0,0
329,2022-04-24,Chelsea,West Ham,1,0,H,0,0,D,M Oliver,26,6,5,2,11,9,3,1,1,0,0,1
330,2022-04-24,Liverpool,Everton,2,0,H,0,0,D,S Attwell,18,9,4,1,8,8,13,1,2,5,0,0
331,2022-04-25,Crystal Palace,Leeds,0,0,D,0,0,D,D England,17,9,7,2,12,13,6,3,2,2,0,0
332,2022-04-28,Man United,Chelsea,1,1,D,0,0,D,M Dean,6,21,3,6,9,12,2,9,0,1,0,0
333,2022-04-30,Newcastle,Liverpool,0,1,A,0,1,A,A Marriner,4,24,2,10,11,11,0,6,1,3,0,0
334,2022-04-30,Aston Villa,Norwich,2,0,H,1,0,H,J Brooks,21,9,6,3,16,8,2,3,4,1,0,0
335,2022-04-30,Southampton,Crystal Palace,1,2,A,1,0,H,J Gillett,8,14,3,5,13,11,6,7,1,3,0,0
336,2022-04-30,Watford,Burnley,1,2,A,1,0,H,C Pawson,13,17,1,6,13,9,5,6,1,2,0,0
337,2022-04-30,Wolves,Brighton,0,3,A,0,1,A,S Hooper,11,17,1,9,6,4,7,3,2,1,0,0
338,2022-04-30,Leeds,Man City,0,4,A,0,1,A,P Tierney,7,19,2,6,13,3,3,6,1,2,0,0
339,2022-05-01,Everton,Chelsea,1,0,H,0,0,D,K Friend,9,17,4,5,9,12,3,8,3,5,0,0
340,2022-05-01,Tottenham,Leicester,3,1,H,1,0,H,J Moss,13,6,7,2,13,8,7,3,2,3,0,0
341,2022-05-01,West Ham,Arsenal,1,2,A,1,1,D,M Dean,8,13,3,7,8,9,3,7,2,2,0,0
342,2022-05-02,Man United,Brentford,3,0,H,1,0,H,C Kavanagh,9,12,5,4,4,6,3,8,1,0,0,0
343,2022-05-07,Brentford,Southampton,3,0,H,2,0,H,M Salisbury,18,19,5,4,12,9,4,7,0,1,0,0
344,2022-05-07,Burnley,Aston Villa,1,3,A,0,2,A,D Coote,14,12,6,7,13,11,4,5,1,2,0,0
345,2022-05-07,Chelsea,Wolves,2,2,D,0,0,D,P Bankes,19,14,6,4,7,11,9,3,1,3,0,0
346,2022-05-07,Crystal Palace,Watford,1,0,H,1,0,H,G Scott,15,6,7,1,11,18,8,5,2,1,0,1
347,2022-05-07,Brighton,Man United,4,0,H,1,0,H,A Madley,17,15,6,5,13,9,7,6,0,2,0,0
348,2022-05-07,Liverpool,Tottenham,1,1,D,0,0,D,M Oliver,22,8,3,3,12,8,11,5,3,2,0,0
349,2022-05-08,Arsenal,Leeds,2,1,H,2,0,H,C Kavanagh,19,3,9,2,13,15,8,2,2,2,0,1
350,2022-05-08,Leicester,Everton,1,2,A,1,2,A,C Pawson,16,10,9,4,11,6,6,1,3,0,0,0
351,2022-05-08,Norwich,West Ham,0,4,A,0,3,A,R Jones,8,13,2,5,7,7,9,5,1,1,0,0
352,2022-05-08,Man City,Newcastle,5,0,H,2,0,H,S Attwell,21,7,9,3,6,11,8,2,1,3,0,0
353,2022-05-10,Aston Villa,Liverpool,1,2,A,1,1,D,J Moss,9,17,4,6,10,12,2,3,0,0,0,0
354,2022-05-11,Leeds,Chelsea,0,3,A,0,1,A,A Taylor,5,17,0,4,10,14,1,5,1,0,1,0
355,2022-05-11,Leicester,Norwich,3,0,H,0,0,D,S Hooper,20,9,8,5,10,5,10,2,0,0,0,0
356,2022-05-11,Watford,Everton,0,0,D,0,0,D,M Dean,6,16,0,5,5,12,1,13,1,2,0,0
357,2022-05-11,Wolves,Man City,1,5,A,1,3,A,M Atkinson,7,16,3,5,2,10,6,2,0,1,0,0
358,2022-05-12,Tottenham,Arsenal,3,0,H,2,0,H,P Tierney,16,8,6,4,8,15,2,2,1,3,0,1
359,2022-05-15,Tottenham,Burnley,1,0,H,1,0,H,K Friend,21,8,8,1,12,8,8,2,3,2,0,0
360,2022-05-15,Aston Villa,Crystal Palace,1,1,D,0,0,D,C Kavanagh,13,16,4,4,11,15,1,5,1,3,0,0
361,2022-05-15,Leeds,Brighton,1,1,D,0,1,A,M Dean,19,16,5,6,16,8,8,1,3,2,0,0
362,2022-05-15,Watford,Leicester,1,5,A,1,2,A,J Gillett,13,13,5,7,4,6,7,3,0,1,0,0
363,2022-05-15,West Ham,Man City,2,2,D,2,0,H,A Taylor,6,31,2,8,9,5,4,9,3,1,0,0
364,2022-05-15,Wolves,Norwich,1,1,D,0,1,A,T Harrington,17,11,4,2,5,10,5,3,0,3,0,0
365,2022-05-15,Everton,Brentford,2,3,A,2,1,H,M Oliver,10,18,5,7,8,8,5,2,0,3,2,0
366,2022-05-16,Newcastle,Arsenal,2,0,H,0,0,D,D England,16,11,4,2,11,8,12,8,0,3,0,0
367,2022-05-17,Southampton,Liverpool,1,2,A,1,1,D,M Atkinson,4,24,2,5,6,6,1,9,2,0,0,0
368,2022-05-19,Everton,Crystal Palace,3,2,H,0,2,A,A Taylor,12,7,6,5,9,13,4,5,2,3,0,0
369,2022-05-19,Aston Villa,Burnley,1,1,D,0,1,A,P Tierney,22,10,9,5,11,20,13,6,0,1,0,1
370,2022-05-19,Chelsea,Leicester,1,1,D,1,1,D,S Attwell,20,2,7,1,13,7,6,0,4,1,0,0
371,2022-05-22,Arsenal,Everton,5,1,H,2,1,H,A Marriner,26,6,9,2,8,9,12,2,0,1,0,0
372,2022-05-22,Brentford,Leeds,1,2,A,0,0,D,P Tierney,14,14,5,6,11,13,3,2,2,1,1,0
373,2022-05-22,Brighton,West Ham,3,1,H,0,1,A,K Friend,18,7,7,2,9,9,5,6,1,1,0,0
374,2022-05-22,Burnley,Newcastle,1,2,A,0,1,A,C Pawson,12,8,5,6,8,9,8,2,1,0,0,0
375,2022-05-22,Chelsea,Watford,2,1,H,1,0,H,M Dean,19,8,8,3,9,9,3,3,0,0,0,0
376,2022-05-22,Crystal Palace,Man United,1,0,H,1,0,H,M Atkinson,6,10,3,4,12,22,3,6,2,4,0,0
377,2022-05-22,Leicester,Southampton,4,1,H,0,0,D,J Moss,12,7,6,2,10,5,3,3,0,1,0,0
378,2022-05-22,Liverpool,Wolves,3,1,H,1,1,D,A Taylor,29,7,8,5,6,3,5,3,1,0,0,0
379,2022-05-22,Man City,Aston Villa,3,2,H,0,1,A,M Oliver,24,4,5,2,5,11,13,1,0,1,0,0
380,2022-05-22,Norwich,Tottenham,0,5,A,0,2,A,C Kavanagh,9,19,0,13,13,7,3,2,3,1,0,0
